item,kind,detail,your_answer
Q1,open question,"Does fetal demise belong in a triage taxonomy at all? `OB06` describes a presentation where no intervention follows, unlike every other CRITICAL.",
Q2,open question,Is `OB13` (reduced fetal movement) a concept worth having when the speaker reports no natural Kinyarwanda phrase expresses it?,
Q3,open question,Is high fever with refusal to eat URGENT or CRITICAL? Inability to drink is an IMCI general danger sign; refusal to eat in a febrile child sits beside it. `EX43`.,
Q4,open question,Can a patient who accurately reports their own new confusion be meaningfully confused? `NE06`. Two language arms hold this row.,
Q5,open question,"Which description of lower chest indrawing is correct — the chest sinking, or the area under the ribs pulling in? `CR04`.",
WHO IMCI 2014 (All rights reserved),taxonomy: anchored concepts,24 concepts carry this anchor.,
clinician-defined (no WHO anchor),taxonomy: anchored concepts,20 concepts carry this anchor.,
WHO-ICRC BEC 2018 (CC BY-NC-SA 3.0 IGO),taxonomy: anchored concepts,15 concepts carry this anchor.,
WHO MCPC 2017 (CC BY-NC-SA 3.0 IGO),taxonomy: anchored concepts,11 concepts carry this anchor.,
EX01,taxonomy: NO anchor,cardiac_respiratory / CRITICAL / existing concept — your first-pass phrasing is on one of these two rows -- inherited from the v1 corpus with no published anchor. Is the concept real and is the urgency right?,
EX02,taxonomy: NO anchor,cardiac_respiratory / CRITICAL / existing concept — your first-pass phrasing is on one of these two rows -- inherited from the v1 corpus with no published anchor. Is the concept real and is the urgency right?,
EX03,taxonomy: NO anchor,cardiac_respiratory / CRITICAL / existing concept — your first-pass phrasing is on one of these two rows -- inherited from the v1 corpus with no published anchor. Is the concept real and is the urgency right?,
EX04,taxonomy: NO anchor,cardiac_respiratory / CRITICAL / existing concept — your first-pass phrasing is on one of these two rows -- inherited from the v1 corpus with no published anchor. Is the concept real and is the urgency right?,
EX05,taxonomy: NO anchor,cardiac_respiratory / CRITICAL / existing concept — your first-pass phrasing is on one of these two rows -- inherited from the v1 corpus with no published anchor. Is the concept real and is the urgency right?,
EX06,taxonomy: NO anchor,cardiac_respiratory / URGENT / existing concept — your first-pass phrasing is on one of these two rows -- inherited from the v1 corpus with no published anchor. Is the concept real and is the urgency right?,
EX07,taxonomy: NO anchor,cardiac_respiratory / URGENT / existing concept — your first-pass phrasing is on one of these two rows -- inherited from the v1 corpus with no published anchor. Is the concept real and is the urgency right?,
EX08,taxonomy: NO anchor,chronic_care / URGENT / existing concept — your first-pass phrasing is on one of these two rows -- inherited from the v1 corpus with no published anchor. Is the concept real and is the urgency right?,
EX09,taxonomy: NO anchor,chronic_care / URGENT / existing concept — your first-pass phrasing is on one of these two rows -- inherited from the v1 corpus with no published anchor. Is the concept real and is the urgency right?,
EX10,taxonomy: NO anchor,chronic_care / ROUTINE / existing concept — your first-pass phrasing is on one of these two rows -- inherited from the v1 corpus with no published anchor. Is the concept real and is the urgency right?,
EX11,taxonomy: NO anchor,chronic_care / ROUTINE / existing concept — your first-pass phrasing is on one of these two rows -- inherited from the v1 corpus with no published anchor. Is the concept real and is the urgency right?,
EX12,taxonomy: NO anchor,gastrointestinal / URGENT / existing concept — your first-pass phrasing is on one of these two rows -- inherited from the v1 corpus with no published anchor. Is the concept real and is the urgency right?,
EX13,taxonomy: NO anchor,gastrointestinal / URGENT / existing concept — your first-pass phrasing is on one of these two rows -- inherited from the v1 corpus with no published anchor. Is the concept real and is the urgency right?,
EX14,taxonomy: NO anchor,gastrointestinal / URGENT / existing concept — your first-pass phrasing is on one of these two rows -- inherited from the v1 corpus with no published anchor. Is the concept real and is the urgency right?,
EX15,taxonomy: NO anchor,gastrointestinal / URGENT / existing concept — your first-pass phrasing is on one of these two rows -- inherited from the v1 corpus with no published anchor. Is the concept real and is the urgency right?,
EX16,taxonomy: NO anchor,gastrointestinal / ROUTINE / existing concept — your first-pass phrasing is on one of these two rows -- inherited from the v1 corpus with no published anchor. Is the concept real and is the urgency right?,
EX17,taxonomy: NO anchor,gastrointestinal / ROUTINE / existing concept — your first-pass phrasing is on one of these two rows -- inherited from the v1 corpus with no published anchor. Is the concept real and is the urgency right?,
GI08,taxonomy: NO anchor,gastrointestinal / ROUTINE / mild indigestion after eating -- inherited from the v1 corpus with no published anchor. Is the concept real and is the urgency right?,
EX18,taxonomy: NO anchor,haemorrhage_trauma / CRITICAL / existing concept — your first-pass phrasing is on one of these two rows -- inherited from the v1 corpus with no published anchor. Is the concept real and is the urgency right?,
EX19,taxonomy: NO anchor,haemorrhage_trauma / CRITICAL / existing concept — your first-pass phrasing is on one of these two rows -- inherited from the v1 corpus with no published anchor. Is the concept real and is the urgency right?,
EX20,taxonomy: NO anchor,haemorrhage_trauma / CRITICAL / existing concept — your first-pass phrasing is on one of these two rows -- inherited from the v1 corpus with no published anchor. Is the concept real and is the urgency right?,
EX21,taxonomy: NO anchor,haemorrhage_trauma / CRITICAL / existing concept — your first-pass phrasing is on one of these two rows -- inherited from the v1 corpus with no published anchor. Is the concept real and is the urgency right?,
EX22,taxonomy: NO anchor,haemorrhage_trauma / URGENT / existing concept — your first-pass phrasing is on one of these two rows -- inherited from the v1 corpus with no published anchor. Is the concept real and is the urgency right?,
EX23,taxonomy: NO anchor,haemorrhage_trauma / URGENT / existing concept — your first-pass phrasing is on one of these two rows -- inherited from the v1 corpus with no published anchor. Is the concept real and is the urgency right?,
HT01,taxonomy: NO anchor,haemorrhage_trauma / CRITICAL / bleeding not controlled by pressure -- inherited from the v1 corpus with no published anchor. Is the concept real and is the urgency right?,
HT06,taxonomy: NO anchor,"haemorrhage_trauma / URGENT / wound red, swollen and discharging pus -- inherited from the v1 corpus with no published anchor. Is the concept real and is the urgency right?",
EX24,taxonomy: NO anchor,infectious_fever / URGENT / existing concept — your first-pass phrasing is on one of these two rows -- inherited from the v1 corpus with no published anchor. Is the concept real and is the urgency right?,
EX25,taxonomy: NO anchor,infectious_fever / URGENT / existing concept — your first-pass phrasing is on one of these two rows -- inherited from the v1 corpus with no published anchor. Is the concept real and is the urgency right?,
EX26,taxonomy: NO anchor,infectious_fever / URGENT / existing concept — your first-pass phrasing is on one of these two rows -- inherited from the v1 corpus with no published anchor. Is the concept real and is the urgency right?,
EX27,taxonomy: NO anchor,infectious_fever / URGENT / existing concept — your first-pass phrasing is on one of these two rows -- inherited from the v1 corpus with no published anchor. Is the concept real and is the urgency right?,
EX28,taxonomy: NO anchor,infectious_fever / URGENT / existing concept — your first-pass phrasing is on one of these two rows -- inherited from the v1 corpus with no published anchor. Is the concept real and is the urgency right?,
EX29,taxonomy: NO anchor,infectious_fever / ROUTINE / existing concept — your first-pass phrasing is on one of these two rows -- inherited from the v1 corpus with no published anchor. Is the concept real and is the urgency right?,
EX30,taxonomy: NO anchor,infectious_fever / ROUTINE / existing concept — your first-pass phrasing is on one of these two rows -- inherited from the v1 corpus with no published anchor. Is the concept real and is the urgency right?,
EX31,taxonomy: NO anchor,infectious_fever / ROUTINE / existing concept — your first-pass phrasing is on one of these two rows -- inherited from the v1 corpus with no published anchor. Is the concept real and is the urgency right?,
IF07,taxonomy: NO anchor,"infectious_fever / ROUTINE / low fever one day, otherwise well -- inherited from the v1 corpus with no published anchor. Is the concept real and is the urgency right?",
EX32,taxonomy: NO anchor,neurological / CRITICAL / existing concept — your first-pass phrasing is on one of these two rows -- inherited from the v1 corpus with no published anchor. Is the concept real and is the urgency right?,
EX34,taxonomy: NO anchor,neurological / CRITICAL / existing concept — your first-pass phrasing is on one of these two rows -- inherited from the v1 corpus with no published anchor. Is the concept real and is the urgency right?,
EX35,taxonomy: NO anchor,neurological / CRITICAL / existing concept — your first-pass phrasing is on one of these two rows -- inherited from the v1 corpus with no published anchor. Is the concept real and is the urgency right?,
EX36,taxonomy: NO anchor,neurological / ROUTINE / existing concept — your first-pass phrasing is on one of these two rows -- inherited from the v1 corpus with no published anchor. Is the concept real and is the urgency right?,
EX37,taxonomy: NO anchor,neurological / ROUTINE / existing concept — your first-pass phrasing is on one of these two rows -- inherited from the v1 corpus with no published anchor. Is the concept real and is the urgency right?,
NE01,taxonomy: NO anchor,neurological / CRITICAL / continuous convulsion -- inherited from the v1 corpus with no published anchor. Is the concept real and is the urgency right?,
NE02,taxonomy: NO anchor,"neurological / CRITICAL / unconscious, cannot be roused -- inherited from the v1 corpus with no published anchor. Is the concept real and is the urgency right?",
NE03,taxonomy: NO anchor,neurological / CRITICAL / sudden one-sided weakness -- inherited from the v1 corpus with no published anchor. Is the concept real and is the urgency right?,
NE04,taxonomy: NO anchor,neurological / CRITICAL / sudden difficulty speaking -- inherited from the v1 corpus with no published anchor. Is the concept real and is the urgency right?,
NE08,taxonomy: NO anchor,neurological / ROUTINE / intermittent mild headache -- inherited from the v1 corpus with no published anchor. Is the concept real and is the urgency right?,
EX38,taxonomy: NO anchor,obstetric / CRITICAL / existing concept — your first-pass phrasing is on one of these two rows -- inherited from the v1 corpus with no published anchor. Is the concept real and is the urgency right?,
EX39,taxonomy: NO anchor,obstetric / CRITICAL / existing concept — your first-pass phrasing is on one of these two rows -- inherited from the v1 corpus with no published anchor. Is the concept real and is the urgency right?,
EX40,taxonomy: NO anchor,paediatric / CRITICAL / existing concept — your first-pass phrasing is on one of these two rows -- inherited from the v1 corpus with no published anchor. Is the concept real and is the urgency right?,
EX41,taxonomy: NO anchor,paediatric / CRITICAL / existing concept — your first-pass phrasing is on one of these two rows -- inherited from the v1 corpus with no published anchor. Is the concept real and is the urgency right?,
EX42,taxonomy: NO anchor,paediatric / URGENT / existing concept — your first-pass phrasing is on one of these two rows -- inherited from the v1 corpus with no published anchor. Is the concept real and is the urgency right?,
EX43,taxonomy: NO anchor,paediatric / URGENT / existing concept — your first-pass phrasing is on one of these two rows -- inherited from the v1 corpus with no published anchor. Is the concept real and is the urgency right?,
PA01,taxonomy: NO anchor,paediatric / CRITICAL / child convulsing -- inherited from the v1 corpus with no published anchor. Is the concept real and is the urgency right?,
PA06,taxonomy: NO anchor,paediatric / URGENT / child with fever and rash -- inherited from the v1 corpus with no published anchor. Is the concept real and is the urgency right?,
PA10,taxonomy: NO anchor,paediatric / ROUTINE / child due for vaccination -- inherited from the v1 corpus with no published anchor. Is the concept real and is the urgency right?,
EX44,taxonomy: NO anchor,preventive / ROUTINE / existing concept — your first-pass phrasing is on one of these two rows -- inherited from the v1 corpus with no published anchor. Is the concept real and is the urgency right?,
EX45,taxonomy: NO anchor,preventive / ROUTINE / existing concept — your first-pass phrasing is on one of these two rows -- inherited from the v1 corpus with no published anchor. Is the concept real and is the urgency right?,
EX46,taxonomy: NO anchor,preventive / ROUTINE / existing concept — your first-pass phrasing is on one of these two rows -- inherited from the v1 corpus with no published anchor. Is the concept real and is the urgency right?,
EX47,taxonomy: NO anchor,preventive / ROUTINE / existing concept — your first-pass phrasing is on one of these two rows -- inherited from the v1 corpus with no published anchor. Is the concept real and is the urgency right?,
