concept_id,person,urgency,english_gloss,the_question,your_ruling,your_notes
CC01,first,CRITICAL,"diabetic with vomiting, deep breathing and drowsiness","diabetic with vomiting, deep breathing and drowsiness. A patient can feel drowsy and notice deep breathing, so the ground is capacity rather than imperceptibility — a clinical judgement. Held, not deleted.",,
CC02,first,CRITICAL,hypoglycaemia with sweating and confusion,"hypoglycaemia with sweating and confusion. Sweating is self-perceived; only the confusion is not, which makes this NE06's question. Held, not deleted.",,
CR04,first,URGENT,fast breathing with lower chest wall indrawing,chest indrawing: 'igituza kiramanuka' and 'munsi y'igituza harinjira' are different descriptions. Not choosing between them. Held until a Rwandan clinician confirms.,,
CR04,third,URGENT,fast breathing with lower chest wall indrawing,chest indrawing: 'igituza kiramanuka' and 'munsi y'igituza harinjira' are different descriptions. Not choosing between them. Held until a Rwandan clinician confirms.,,
CR05,third,URGENT,wheeze with chest tightness,'ijwi ridasanzwe' is not a definitive clinical term for wheeze; clinician must confirm the mapping,,
EX27,third,URGENT,existing concept — your first-pass phrasing is on one of these two rows,"speaker ruling: needs_clinician. Draft held as-is, nothing authored. The specific uncertainty flagged with the draft was 'nkeka' -> 'akeka', which follows the regular 1sg/3sg pattern but the speaker has not written it; attributing a suspicion of malaria to another person is the part that needs review.",,
EX43,third,URGENT,existing concept — your first-pass phrasing is on one of these two rows,"high fever and not eating. FLAGGED 2026-09-04 with the wording revert. The question is whether URGENT is the right label for a child with high fever who is not eating, given that NOT BEING ABLE TO DRINK is an IMCI general danger sign (CRITICAL in this taxonomy, and the ground IF03 and PA02 stand on). The speaker has ruled the WORDING back to not-eating so the phrase matches the URGENT label rather than straddling it. What a clinician still has to say: is 'high fever and not eating' URGENT, or is refusal to eat in a febrile child close enough to the drinking danger sign to warrant CRITICAL? PA02 (child too weak to breastfeed) is the neighbouring concept. Nothing generates differently until this is answered - the row is authored and the label is unchanged.",,
HT03,first,CRITICAL,head injury with vomiting and confusion,"head injury with vomiting and confusion. Turns on severity and capacity, which are clinical questions. Held, not deleted.",,
HT05,first,URGENT,limb deformed after a fall,"limb deformed after a fall. HELD 2026-09-03, vocabulary-blocked. The draft 'Naraguye none ukuguru kwanjye kwavunitse.' says BROKEN; the gloss and the English seed ('my arm is bent out of shape after a fall') say DEFORMED. Those are different claims: deformity is what a patient perceives, a fracture is the diagnosis, and rule 11 turns on exactly that difference. No attested Kinyarwanda for 'bent out of shape' exists — kugoramye and similar appear in none of the speaker's phrases, none of dataset/vocabulary.py, none of phrase_review_sheet.csv and none of the 524 CC BY 4.0 CHW questions. Only the FRACTURE vocabulary is attested (kuvunika, igufa ryavunitse, ibimenyetso byokuvunika ukuguru), which is what pulled the draft off the concept. Same shape as GI03's stool noun and PA08's ear term, in a third domain. Needs either the speaker's word for a deformed limb, or a ruling that the concept becomes 'broken limb after a fall' — in which case concepts.py and the anchor gloss must change with it rather than be left disagreeing. Secondary flag: 'kwavunitse' is a concord inference, unattested with ukuguru.",,
IF01,first,CRITICAL,fever with stiff neck,"fever with stiff neck is a specific danger sign; 'ijosi ryarakomeye' is an unvalidated draft, not speaker wording. Held for clinician/speaker confirmation. Do not substitute a guess.",,
IF01,third,CRITICAL,fever with stiff neck,"RECLASSIFIED 2026-09-11 — `hold` alone was the wrong bucket. The criterion is checkable: this is a third-person row held for no reason of its own, solely because IF01 FIRST is flagged `needs_clinician`. Its first person carries the flag and it did not, so every clinician pack built from this column has shown one person of a two-person concept and silently dropped the other. Whether the underlying block is clinical or lexical is argued both ways in the record (docs/blocked.md 1a reads the IF family as WORD blocks; this row's first person says 'clinician/speaker'), and that argument does not change the filing: a row whose release depends entirely on a ruling about another row must be visible wherever that ruling is sought. `hold` stays yes — nothing generates here until IF01 first is ruled, and a ruling releases both persons together.",,
IF03,first,CRITICAL,fever and unable to drink,IMCI general danger sign (unable to drink); precision matters. Draft held as-is pending clinician confirmation; no alternative invented.,,
IF03,third,CRITICAL,fever and unable to drink,"RECLASSIFIED 2026-09-11 — `hold` alone was the wrong bucket. The criterion is checkable: this is a third-person row held for no reason of its own, solely because IF03 FIRST is flagged `needs_clinician`. Its first person carries the flag and it did not, so every clinician pack built from this column has shown one person of a two-person concept and silently dropped the other. Whether the underlying block is clinical or lexical is argued both ways in the record (docs/blocked.md 1a reads the IF family as WORD blocks; this row's first person says 'clinician/speaker'), and that argument does not change the filing: a row whose release depends entirely on a ruling about another row must be visible wherever that ruling is sought. `hold` stays yes — nothing generates here until IF03 first is ruled, and a ruling releases both persons together.",,
NE04,first,CRITICAL,sudden difficulty speaking,"sudden difficulty speaking. The symptom is the one that impairs reporting it; whether a patient can still say it is clinical. Held, not deleted.",,
NE05,first,URGENT,severe headache with vomiting and photophobia,"severe headache with vomiting and photophobia. FLAGGED 2026-09-05 with the authored phrase. The Kinyarwanda frames the light as the CAUSE of the headache, not as something that hurts the eyes, and the speaker says the causal framing is the natural one - so the phrase and the gloss make different claims about the same trigger. Separately the gloss names VOMITING and the phrase does not. Does the concept survive both differences, or should the gloss move to match what a patient actually says?",,
NE06,first,URGENT,new confusion today,"whether a patient who can accurately report new confusion is meaningfully confused is a clinical question, not a linguistic one. applies=yes stands; the first-person row is not written until a clinician settles it.",,
OB03,first,CRITICAL,cord or hand presenting before the baby,cord presentation is a specific obstetric emergency sign; wording needs clinician confirmation,,
OB03,third,CRITICAL,cord or hand presenting before the baby,cord presentation: wording needs clinician validation. DO NOT GENERATE until validated.,,
OB05,first,CRITICAL,fever with foul discharge after delivery,puerperal sepsis discharge description; wording needs clinician confirmation,,
OB06,first,CRITICAL,fetal demise - the baby has died in the womb,"fetal demise - the baby has died in the womb. FOR THE CLINICIAN SESSION, with EX43 and PA03. (1) Confirm CRITICAL. The phrase says the baby has died; the row was URGENT until today. (2) Confirm that fetal demise belongs in the triage taxonomy at all - it is a presentation where no intervention follows, which is different from every other CRITICAL here. (3) OB13 now holds 'reduced fetal movement' with no phrase; confirm that is the actionable concept and that it is worth an outreach question.",,
OB06,third,CRITICAL,fetal demise - the baby has died in the womb,"fetal demise - the baby has died in the womb. FOR THE CLINICIAN SESSION, with EX43 and PA03. (1) Confirm CRITICAL. The phrase says the baby has died; the row was URGENT until today. (2) Confirm that fetal demise belongs in the triage taxonomy at all - it is a presentation where no intervention follows, which is different from every other CRITICAL here. (3) OB13 now holds 'reduced fetal movement' with no phrase; confirm that is the actionable concept and that it is worth an outreach question.",,
OB13,first,URGENT,reduced fetal movement,reduced fetal movement. Does this presentation need to exist in the corpus if no natural Kinyarwanda phrase expresses it? It is the actionable half of what OB06 used to cover.,,
OB13,third,URGENT,reduced fetal movement,reduced fetal movement. Does this presentation need to exist in the corpus if no natural Kinyarwanda phrase expresses it? It is the actionable half of what OB06 used to cover.,,
PA08,first,URGENT,child with ear pain and discharge,"child with ear pain and discharge. FLAGGED 2026-09-05 with the authored phrase. The phrase now NAMES A CONDITION and no longer STATES THE SIGNS its gloss names - there is no pain and no discharge in 'Mfite umuhaha'. Two questions for a clinician: does 'umuhaha' map to acute otitis media specifically, or to something broader such as any ear complaint? And if broader, does this row still carry an URGENT presentation, or does the gloss need to follow the phrase? Same shape as NE05 and OB06 - the Kinyarwanda says something the English gloss does not.",,
PA08,third,URGENT,child with ear pain and discharge,"child with ear pain and discharge. FLAGGED 2026-09-05 with the authored phrase. The phrase now NAMES A CONDITION and no longer STATES THE SIGNS its gloss names - there is no pain and no discharge in 'Mfite umuhaha'. Two questions for a clinician: does 'umuhaha' map to acute otitis media specifically, or to something broader such as any ear complaint? And if broader, does this row still carry an URGENT presentation, or does the gloss need to follow the phrase? Same shape as NE05 and OB06 - the Kinyarwanda says something the English gloss does not.",,
