concept_id,person,suggested_english,candidate_origin,verdict_fidelity,confidence,form,needs_clinician,suggestion_note
EX15,first,I am vomiting a lot and I feel very weak,new_draft,ok,medium,utterance,CLEAR,"PARITY CORRECTION, toward the patient's report. v1 English said 'vomiting and signs of dehydration'; the Kinyarwanda never said dehydration, and the speaker's rewrite confirms it — 'ndaruka cyane kandi numva mfite intege nke', I vomit a lot and I feel I have little strength. Dehydration is the clinician's conclusion from the sign; weakness is the sign. French and Swahili carry the same error and must move with this. needs_clinician cleared: the parity question is now answered by the ruling, and nothing clinical is left open on this row."
EX15,third,{REL} is vomiting a lot and feels very weak,new_draft,ok,medium,utterance,,"person transform of the first, matching the speaker's third 'araruka cyane kandi yumva afite intege nke'. No possessive, so no gendered pronoun is needed here."
EX35,first,I cannot speak properly and my mouth has gone crooked,new_draft,ok,medium,utterance,CLEAR,"PARITY CORRECTION. v1 English said 'a drooping face'; French 'le visage deforme' and Swahili 'uso umepinda' say face too. The Kinyarwanda says MOUTH — 'umunwa wagoramye' in v1 and 'umunwa we waragoramye' in the speaker's third. A twisted mouth is what a family sees; a drooping face is the stroke exam. NOTE: the Kinyarwanda FIRST person is unauthored, so this row has no speaker text to check against — only their third."
EX35,third,{REL} cannot speak properly and their mouth has gone crooked,new_draft,ok,low,utterance,,"person transform. USES SINGULAR 'THEIR' AND NEEDS A RULING. This is the non-obstetric counterpart of the obstetric 'she': ALL_RELATIONS spans both genders, so a possessive forces a choice English cannot avoid and Kinyarwanda never faces ('umunwa we' is neutral). Singular 'their' is the neutral option and reads acceptably after 'My child'; it reads slightly oddly after 'My father'. The alternatives are to drop the possessive, which is not natural English here, or to expand the phrase into two per gender, which doubles a phrase for no clinical gain. Provisional — one ruling settles every non-obstetric third with a possessive."
EX37,first,I feel tired but not too tired,new_draft,ok,medium,utterance,CLEAR,"PARITY CORRECTION. v1 English, French and Swahili all add 'during the day' / 'pendant la journee' / 'wakati wa mchana'. The Kinyarwanda says only 'umunaniro woroheje', mild tiredness, and the speaker's rewrite is 'ndumva naniwe ariko si cyane' — I feel tired but not much. The time-of-day claim is dropped, and the not-much contrast is kept because it is what makes the row ROUTINE."
EX42,third,{REL} has a fever and small spots on the body,new_draft,ok,medium,utterance,,"PARITY CORRECTION. v1 English said the rash was SPREADING; French 'se propagent' and Swahili 'vinavyoenea' agree, and the Kinyarwanda says only 'uduheri ku mubiri', small spots on the body — gukwirakwira is attested in neither the speaker's nor the approved sets. Spreading is a progression claim nobody made in Kinyarwanda. First person is applies=no, so this is the row the concept reaches the corpus through. FLAG: PA06 is 'child with fever and rash (IMCI MEASLES)' and its draft is 'my child has a fever and spots all over'. EX42 and PA06 look like one concept; rule it before the paediatric batch drafts both."
EX43,third,{REL} has a high fever and is not eating,new_draft,ok,medium,utterance,,"REVERTED per the reviewer's ruling: not-eating, label stays URGENT. v1 English/French/Swahili said 'refusing'; the speaker's rewrite went the other way to 'ntabwo arimo kubasha kurya', not ABLE to eat, which points at IMCI's danger sign without landing on it — the sign is not able to DRINK or breastfeed, not eat. INCOMPLETE UNTIL KINYARWANDA MOVES: the KY third still says 'not able to eat', so this English draft currently disagrees with it. Reverting the Kinyarwanda third to not-eating is owed to the other session; until then this row is a parity gap I created deliberately rather than one I found. Clinician flag kept per the ruling."
PR05,first,This is my first check-up since I became pregnant,new_draft,ok,medium,utterance,,"Wording chosen by the reviewer to keep PR05 out of OB11's phrase group. Shared prefix with OB11 first is 0; the natural mirror of the Kinyarwanda word order ('...I want to come for my first check-up') shares 40 and would UNION. Kinyarwanda puts 'bwa mbere' at the end of the clause and English puts 'first' before the noun, so the axis word lands where the prefix rule cannot see it. Replaces sheet draft D-preventive 'my first antenatal visit', a noun phrase."
PR05,third,This is {REL}'s first check-up since she became pregnant,new_draft,ok,medium,utterance,,"person transform. 'she' per the obstetric ruling — PR05 is ruled OBSTETRIC_RELATIONS although it sits in preventive. Shared prefix with OB11 third is 0 against 48 for the natural mirror. {REL} heads the subject as a possessor, the same shape as OB07."
